{"cameraMode":{"drawMode":0,"name":"Shaded","section":"Shading Mode"},"sceneLighting":false,"audioPlay":false,"sceneViewState":{"showFog":true,"showMaterialUpdate":true,"showSkybox":false,"showFlares":true,"showImageEffects":true,"showParticleSystems":true,"showVisualEffectGraphs":true,"m_FxEnabled":true},"in2DMode":false,"pivot":{"x":1.4800000190734864,"y":6.200000286102295,"z":-0.22799992561340333},"rotation":{"x":0.1206192597746849,"y":-0.18148258328437806,"z":0.022439338266849519,"w":0.9757081270217896},"size":7.890854835510254,"orthographic":true}