{"cameraMode":{"drawMode":0,"name":"Shaded","section":"Shading Mode"},"sceneLighting":false,"audioPlay":false,"sceneViewState":{"showFog":true,"showMaterialUpdate":true,"showSkybox":false,"showFlares":true,"showImageEffects":true,"showParticleSystems":true,"showVisualEffectGraphs":true,"m_FxEnabled":true},"in2DMode":false,"pivot":{"x":-0.014839887619018555,"y":5.1092000007629398,"z":-4.5012006759643559},"rotation":{"x":0.1206192597746849,"y":-0.18148258328437806,"z":0.022439338266849519,"w":0.9757081270217896},"size":8.824318885803223,"orthographic":true}