{"cameraMode":{"drawMode":0,"name":"Shaded","section":"Shading Mode"},"sceneLighting":false,"audioPlay":false,"sceneViewState":{"showFog":true,"showMaterialUpdate":true,"showSkybox":false,"showFlares":true,"showImageEffects":true,"showParticleSystems":true,"showVisualEffectGraphs":true,"m_FxEnabled":true},"in2DMode":false,"pivot":{"x":0.024999991059303285,"y":-0.18117082118988038,"z":-0.48000001907348635},"rotation":{"x":-0.21857155859470368,"y":0.1693788766860962,"z":-0.03855442628264427,"w":-0.9602348208427429},"size":1.4616093635559083,"orthographic":false}