{"cameraMode":{"drawMode":0,"name":"Shaded","section":"Shading Mode"},"sceneLighting":true,"audioPlay":false,"sceneViewState":{"showFog":true,"showMaterialUpdate":true,"showSkybox":false,"showFlares":true,"showImageEffects":true,"showParticleSystems":true,"showVisualEffectGraphs":true,"m_FxEnabled":true},"in2DMode":false,"pivot":{"x":18.676652908325197,"y":0.8781876564025879,"z":-29.219627380371095},"rotation":{"x":-0.20797596871852876,"y":0.24125732481479646,"z":-0.05301564559340477,"w":-0.9464303255081177},"size":5.360252380371094,"orthographic":false}